,Greedy Brute Force,,,,,
 #Sessions,Valid?, Score, RAM (MB), Time (ms),, 
1,TRUE,37,4.69988,20.5042,, 
2,TRUE,56,3.035088,11.3411,, 
3,TRUE,38,3.03544,5.1474,, 
4,TRUE,37,2.974136,3.3562,, 
5,TRUE,28,2.974552,9.8974,, 
6,TRUE,31,,4.9853,, 
7,TRUE,51,2.976264,4.8642,, 
8,TRUE,63,3.040936,9.2831,, 
9,TRUE,38,3.040808,13.2048,, 
10,TRUE,38,2.977592,5.8799,, 
11,TRUE,33,2.978144,8.2554,, 
12,TRUE,20,2.97796,2.0013,, 
13,TRUE,26,,2.1506,, 
14,TRUE,49,,1.7503,, 
15,TRUE,38,2.978992,4.671,, 
16,TRUE,26,2.978848,9.456,, 
17,TRUE,33,2.982424,3.0143,, 
18,TRUE,39,2.982048,6.1169,, 
19,TRUE,26,,2.3985,, 
20,TRUE,53,2.983,9.3852,, 
21,TRUE,28,2.982872,5.3751,, 
22,TRUE,49,2.983208,4.4282,, 
23,TRUE,51,2.983648,5.5273,, 
24,TRUE,25,3.046488,4.9967,, 
25,TRUE,35,3.047,49.0754,, 
26,TRUE,40,2.984,4.0047,, 
27,TRUE,50,2.984552,3.3645,, 
28,TRUE,23,2.98468,3.8851,, 
29,TRUE,32,2.984696,7.6004,, 
30,TRUE,50,3.300176,7.9612,, 
31,TRUE,27,3.30924,7.5049,, 
32,TRUE,27,3.43624,7.6626,, 
33,TRUE,29,3.488024,4.2014,, 
34,TRUE,47,3.538584,6.757,, 
35,TRUE,37,3.413184,6.6411,, 
36,TRUE,50,3.413456,4.1226,, 
37,TRUE,63,3.413664,4.8259,, 
38,TRUE,40,3.413624,7.5647,, 
39,TRUE,52,3.413784,7.2486,, 
40,TRUE,36,3.413856,7.4715,, 
41,TRUE,47,3.41412,9.0803,, 
42,TRUE,26,3.414432,7.7695,, 
43,TRUE,63,3.41488,6.4085,, 
44,TRUE,62,3.477456,8.9878,, 
45,TRUE,49,3.4148,6.0203,, 
46,TRUE,28,3.414968,11.3332,, 
47,TRUE,39,3.414608,9.4415,, 
48,TRUE,26,3.415248,11.1587,, 
49,TRUE,48,3.352224,9.4647,, 
50,TRUE,60,3.478672,9.8657,, 
51,TRUE,47,3.416816,15.7388,, 
52,TRUE,30,3.41736,7.5383,, 
53,TRUE,61,3.417232,15.5532,, 
54,TRUE,22,3.417528,11.0923,, 
55,TRUE,25,3.417784,17.7339,, 
56,TRUE,47,3.418184,9.1177,, 
57,TRUE,37,3.418024,11.8173,, 
58,TRUE,38,3.418032,10.5348,, 
59,TRUE,46,3.418664,12.7599,, 
60,TRUE,23,3.418288,9.6393,, 
61,TRUE,62,3.418416,11.8213,, 
62,TRUE,28,3.41868,11.5587,, 
63,TRUE,26,3.4188,18.0856,, 
64,TRUE,50,3.419384,9.9724,, 
65,TRUE,52,3.419032,21.879,, 
66,TRUE,38,3.4198,13.3167,, 
67,TRUE,46,3.419584,14.8041,, 
68,TRUE,50,3.4198,17.7572,, 
69,TRUE,45,3.420168,14.3243,, 
70,TRUE,51,3.420216,11.0953,, 
71,TRUE,40,3.42036,23.9861,, 
72,TRUE,24,3.420656,19.175,, 
73,TRUE,29,3.421208,28.6939,, 
74,TRUE,46,3.42072,19.6137,, 
75,TRUE,26,3.421296,17.3083,, 
76,TRUE,57,3.484792,11.9404,, 
77,TRUE,47,3.485824,21.4342,, 
78,TRUE,47,3.422392,15.1075,, 
79,TRUE,37,3.48592,18.773,, 
80,TRUE,25,3.422944,26.5678,, 
81,TRUE,27,3.486264,22.1904,, 
82,TRUE,49,3.42336,18.8703,, 
83,TRUE,54,3.48636,22.0905,, 
84,TRUE,46,3.4864,12.5969,, 
85,TRUE,45,3.48696,20.3677,, 
86,TRUE,63,3.48704,31.9857,, 
87,TRUE,51,3.48728,17.0698,, 
88,TRUE,29,3.487432,22.787,, 
89,TRUE,29,3.487432,16.3733,, 
90,TRUE,39,3.487848,13.9394,, 
91,TRUE,25,3.488072,35.3683,, 
92,TRUE,25,3.488144,28.2661,, 
93,TRUE,20,3.488168,21.0331,, 
94,TRUE,61,3.488592,16.5042,, 
95,TRUE,63,3.48864,22.5919,, 
96,TRUE,24,3.488696,28.66,, 
97,TRUE,60,3.426352,22.7046,, 
98,TRUE,48,3.489392,20.366,, 
99,TRUE,49,3.489424,20.4562,, 
100,TRUE,49,3.489632,23.4771,, 
101,TRUE,44,3.48976,26.8398,, 
102,TRUE,47,3.48984,13.4588,, 
103,TRUE,63,3.490096,29.5469,, 
104,TRUE,48,3.49016,14.5094,, 
105,TRUE,27,3.490288,18.5218,, 
106,TRUE,46,3.490464,30.8722,, 
107,TRUE,47,3.490864,20.2882,, 
108,TRUE,61,3.490824,28.9969,, 
109,TRUE,39,3.491008,38.5102,, 
110,TRUE,49,3.491096,30.6469,, 
111,TRUE,60,3.491528,24.1728,, 
112,TRUE,27,3.49164,23.5059,, 
113,TRUE,27,3.49208,23.5377,, 
114,TRUE,48,3.492432,20.4462,, 
115,TRUE,24,3.491968,30.4503,, 
116,TRUE,27,3.492432,24.4676,, 
117,TRUE,26,3.492432,28.4388,, 
118,TRUE,48,3.492832,26.4705,, 
119,TRUE,26,3.492672,23.4441,, 
120,TRUE,49,3.492952,28.3535,, 
121,TRUE,24,3.493664,34.055,, 
122,TRUE,25,3.493848,22.3664,, 
123,TRUE,47,3.4944,24.2863,, 
124,TRUE,20,3.493928,38.89,, 
125,TRUE,61,3.49456,27.4751,, 
126,TRUE,44,3.494296,38.4386,, 
127,TRUE,38,3.49444,18.9131,, 
128,TRUE,38,3.494712,41.7966,, 
129,TRUE,24,3.494736,43.4645,, 
130,TRUE,25,3.495232,40.9058,, 
131,TRUE,26,3.494976,27.5454,, 
132,TRUE,61,3.49544,23.4058,, 
133,TRUE,27,3.495768,41.8411,, 
134,TRUE,45,3.495544,25.6956,, 
135,TRUE,27,3.496048,57.5256,, 
136,TRUE,59,3.496184,24.4411,, 
137,TRUE,26,3.496944,35.9507,, 
138,TRUE,24,3.496944,35.5348,, 
139,TRUE,60,3.497168,27.8574,, 
140,TRUE,45,3.497528,33.0011,, 
141,TRUE,24,3.497224,34.0233,, 
142,TRUE,25,3.496768,18.7953,, 
143,TRUE,25,3.497344,38.5616,, 
144,TRUE,25,3.497304,31.9457,, 
145,TRUE,62,3.49744,44.36,, 
146,TRUE,45,3.497376,39.3769,, 
147,TRUE,24,3.498336,35.2967,, 
148,TRUE,35,3.498568,44.6557,, 
149,TRUE,60,3.498296,46.8592,, 
150,TRUE,27,3.498136,42.9103,, 
151,TRUE,24,3.499256,28.5844,, 
152,TRUE,22,3.499504,48.0957,, 
153,TRUE,49,3.499712,42.8705,, 
154,TRUE,49,3.498856,25.9116,, 
155,TRUE,47,3.499088,51.2021,, 
156,TRUE,25,3.49936,26.0809,, 
157,TRUE,64,3.49924,47.3366,, 
158,TRUE,39,3.499368,32.9151,, 
159,TRUE,25,3.499576,32.9788,, 
160,TRUE,50,3.49988,34.2171,, 
161,TRUE,60,3.499552,47.9916,, 
162,TRUE,48,3.500072,39.0445,, 
163,TRUE,48,3.500048,28.4541,, 
164,TRUE,26,3.500384,49.8549,, 
165,TRUE,49,3.500848,38.2365,, 
166,TRUE,50,3.500768,34.2957,, 
167,TRUE,39,3.501024,27.6492,, 
168,TRUE,38,3.501368,29.708,, 
169,TRUE,45,3.501648,28.0715,, 
170,TRUE,49,3.502584,40.4075,, 
171,TRUE,49,3.501784,49.0302,, 
172,TRUE,45,3.502176,49.8944,, 
173,TRUE,24,3.502552,33.1583,, 
174,TRUE,25,3.502616,64.0504,, 
175,TRUE,59,3.50312,39.2997,, 
176,TRUE,38,3.502768,41.5865,, 
177,TRUE,48,3.503232,40.743,, 
178,TRUE,58,3.503352,45.5664,, 
179,TRUE,24,3.503472,48.9327,, 
180,TRUE,25,3.503512,37.67,, 
181,TRUE,39,3.503968,45.0369,, 
182,TRUE,46,3.504048,46.0437,, 
183,TRUE,47,3.504128,40.7368,, 
184,TRUE,48,3.567296,30.9175,, 
185,TRUE,44,3.504672,37.9109,, 
186,TRUE,27,3.504704,54.1666,, 
187,TRUE,22,3.568168,28.4025,, 
188,TRUE,27,3.567952,56.0749,, 
189,TRUE,44,3.568424,30.9882,, 
190,TRUE,46,3.568168,59.8142,, 
191,TRUE,61,3.568872,54.5313,, 
192,TRUE,59,3.569104,48.9364,, 
193,TRUE,36,3.569072,53.2593,, 
194,TRUE,46,3.56928,56.3997,, 
195,TRUE,47,3.569208,43.9399,, 
196,TRUE,45,3.569224,63.1222,, 
197,TRUE,39,3.569736,58.0491,, 
198,TRUE,60,3.570008,54.6522,, 
199,TRUE,46,3.570064,61.492,, 
200,TRUE,49,3.570016,43.0814,, 
201,TRUE,50,3.570248,33.0516,, 
202,TRUE,45,3.57052,54.5953,, 
203,TRUE,36,3.570568,45.5022,, 
204,TRUE,28,3.570832,44.1512,, 
205,TRUE,24,3.570904,71.7663,, 
206,TRUE,24,3.571008,41.6899,, 
207,TRUE,39,3.571352,80.8678,, 
208,TRUE,49,3.571816,45.7063,, 
209,TRUE,25,3.571624,47.8477,, 
210,TRUE,47,3.571728,64.1223,, 
211,TRUE,23,3.571568,40.9704,, 
212,TRUE,26,3.572304,57.0244,, 
213,TRUE,38,3.572368,44.0481,, 
214,TRUE,26,3.5726,54.0673,, 
215,TRUE,49,3.572704,83.1172,, 
216,TRUE,47,3.572904,46.9087,, 
217,TRUE,48,3.573096,67.9992,, 
218,TRUE,23,3.573376,58.7262,, 
219,TRUE,48,3.57328,46.0343,, 
220,TRUE,65,3.57328,58.2083,, 
221,TRUE,24,3.573624,52.318,, 
222,TRUE,26,3.573648,64.1886,, 
223,TRUE,41,3.57364,64.6448,, 
224,TRUE,24,3.574168,69.6971,, 
225,TRUE,64,3.574536,87.9054,, 
226,TRUE,44,3.574592,55.3566,, 
227,TRUE,47,3.57472,49.0027,, 
228,TRUE,45,3.574632,95.6476,, 
229,TRUE,28,3.57504,48.7949,, 
230,TRUE,47,3.575088,51.8436,, 
231,TRUE,26,3.575848,47.5407,, 
232,TRUE,60,3.575664,79.2734,, 
233,TRUE,48,3.575672,71.2854,, 
234,TRUE,42,3.577992,55.0986,, 
235,TRUE,46,3.57772,62.2971,, 
236,TRUE,42,3.580056,73.2463,, 
237,TRUE,26,3.578392,74.2349,, 
238,TRUE,50,3.5782,65.0273,, 
239,TRUE,64,3.57816,73.6238,, 
240,TRUE,63,3.579456,59.3205,, 
241,TRUE,59,3.578824,70.7291,, 
242,TRUE,52,3.579008,40.0297,, 
243,TRUE,26,3.579024,79.0105,, 
244,TRUE,49,3.642392,60.7224,, 
245,TRUE,46,3.5796,58.5621,, 
246,TRUE,38,3.579872,74.9223,, 
247,TRUE,27,3.578808,60.6303,, 
248,TRUE,49,3.580864,60.0045,, 
249,TRUE,26,3.579328,83.0201,, 
250,TRUE,44,3.579312,44.2506,, 
251,TRUE,27,3.579168,50.8042,, 
252,TRUE,21,3.578752,71.4293,, 
253,TRUE,47,3.579584,77.618,, 
254,TRUE,44,3.579648,99.1609,, 
255,TRUE,22,3.580288,76.4878,, 
256,TRUE,46,3.643464,77.7027,, 
257,TRUE,46,3.64376,66.0709,, 
258,TRUE,62,3.580384,83.2583,, 
259,TRUE,43,3.64424,97.162,, 
260,TRUE,50,3.64388,106.7461,, 
261,TRUE,47,3.644128,53.8597,, 
262,TRUE,25,3.58124,70.3081,, 
263,TRUE,48,3.581016,88.6987,, 
264,TRUE,47,3.644568,62.8607,, 
265,TRUE,23,3.645312,56.5122,, 
266,TRUE,48,3.64508,83.4991,, 
267,TRUE,45,3.644744,53.6964,, 
268,TRUE,39,3.645104,71.6376,, 
269,TRUE,26,3.645544,92.2208,, 
270,TRUE,24,3.644768,45.5514,, 
271,TRUE,45,3.646016,60.7565,, 
272,TRUE,26,3.64624,77.0466,, 
273,TRUE,57,3.64572,70.8127,, 
274,TRUE,26,3.646616,79.543,, 
275,TRUE,45,3.64636,79.3339,, 
276,TRUE,47,3.646992,89.3859,, 
277,TRUE,25,3.647288,80.6896,, 
278,TRUE,23,3.646928,92.8287,, 
279,TRUE,48,3.647144,53.0549,, 
280,TRUE,48,3.647544,68.9887,, 
281,TRUE,24,3.64748,107.7219,, 
282,TRUE,44,3.648016,84.252,, 
283,TRUE,22,3.648192,75.1521,, 
284,TRUE,46,3.648176,117.0311,, 
285,TRUE,61,3.648248,126.604,, 
286,TRUE,38,3.648648,121.5617,, 
287,TRUE,48,3.64896,136.9103,, 
288,TRUE,34,3.648888,121.3458,, 
289,TRUE,46,3.648416,120.4868,, 
290,TRUE,24,3.64896,123.7912,, 
291,TRUE,45,3.64928,94.1799,, 
292,TRUE,40,3.65008,107.8236,, 
293,TRUE,28,3.649448,73.0082,, 
294,TRUE,26,3.64892,99.1158,, 
295,TRUE,49,3.649568,71.3769,, 
296,TRUE,46,3.6504,104.8475,, 
297,TRUE,24,3.650104,90.7805,, 
298,TRUE,39,3.650264,93.8321,, 
299,TRUE,46,3.65056,79.2668,, 
300,TRUE,51,3.650584,84.1609,, 
301,TRUE,63,3.651264,90.6732,, 
302,TRUE,48,3.65092,128.0534,, 
303,TRUE,50,3.651128,90.3442,, 
304,TRUE,38,3.651456,69.6369,, 
305,TRUE,47,3.651552,80.8832,, 
306,TRUE,42,3.651656,87.0559,, 
307,TRUE,27,3.651944,101.1516,, 
308,TRUE,42,3.65348,75.1413,, 
309,TRUE,21,3.651704,114.6078,, 
310,TRUE,47,3.652344,124.0906,, 
311,TRUE,26,3.65496,115.5079,, 
312,TRUE,62,3.654744,97.2683,, 
313,TRUE,51,3.652896,93.4848,, 
314,TRUE,49,3.652992,118.4757,, 
315,TRUE,27,3.6534,87.2835,, 
316,TRUE,26,3.654952,129.3934,, 
317,TRUE,25,3.653264,86.911,, 
318,TRUE,37,3.653616,110.7148,, 
319,TRUE,25,3.65596,98.965,, 
320,TRUE,63,3.654256,96.1026,, 
321,TRUE,49,3.65572,113.7709,, 
322,TRUE,44,3.654688,98.2256,, 
323,TRUE,45,3.655168,144.266,, 
324,TRUE,48,3.655184,128.4055,, 
325,TRUE,24,3.718472,90.7487,, 
326,TRUE,24,3.65712,85.4691,, 
327,TRUE,23,3.718488,135.4981,, 
328,TRUE,40,3.655824,88.0198,, 
329,TRUE,48,3.718792,106.8573,, 
330,TRUE,27,3.656424,96.2931,, 
331,TRUE,51,3.655936,89.6297,, 
332,TRUE,60,3.719384,112.3789,, 
333,TRUE,24,3.6568,94.4061,, 
334,TRUE,23,3.719224,114.7534,, 
335,TRUE,47,3.658872,102.4827,, 
336,TRUE,62,3.656896,94.2656,, 
337,TRUE,51,3.720448,133.5447,, 
338,TRUE,49,3.720424,105.2068,, 
339,TRUE,62,3.720296,98.5508,, 
340,TRUE,59,3.657688,88.4517,, 
341,TRUE,24,3.720736,108.5657,, 
342,TRUE,26,3.721312,108.121,, 
343,TRUE,40,3.721504,107.6289,, 
344,TRUE,27,3.65856,96.5727,, 
345,TRUE,25,3.721432,98.798,, 
346,TRUE,44,3.721728,134.7444,, 
347,TRUE,44,3.722168,98.1576,, 
348,TRUE,38,3.721792,138.2721,, 
349,TRUE,59,3.722672,124.3496,, 
350,TRUE,26,3.722624,99.8226,, 
351,TRUE,46,3.722344,92.0148,, 
352,TRUE,61,3.72276,102.7647,, 
353,TRUE,26,3.722808,113.2164,, 
354,TRUE,26,3.723672,119.0169,, 
355,TRUE,27,3.722976,96.2223,, 
356,TRUE,50,3.723072,103.4932,, 
357,TRUE,26,3.72312,134.8356,, 
358,TRUE,20,3.724096,90.0478,, 
359,TRUE,28,3.723992,95.9636,, 
360,TRUE,60,3.724344,94.3703,, 
361,TRUE,45,3.725856,111.1139,, 
362,TRUE,24,3.724696,76.5421,, 
363,TRUE,63,3.724616,129.0292,, 
364,TRUE,47,3.724576,100.2876,, 
365,TRUE,23,3.72516,109.3244,, 
366,TRUE,61,3.724432,93.4381,, 
367,TRUE,49,3.724984,101.6589,, 
368,TRUE,48,3.725624,135.2533,, 
369,TRUE,48,3.726576,99.3411,, 
370,TRUE,40,3.789064,116.8526,, 
371,TRUE,24,3.726928,98.2528,, 
372,TRUE,22,3.726664,129.7516,, 
373,TRUE,45,3.727264,87.2293,, 
374,TRUE,60,3.72732,111.9582,, 
375,TRUE,26,3.727544,118.7722,, 
376,TRUE,47,3.727488,106.5134,, 
377,TRUE,45,3.727904,123.6157,, 
378,TRUE,46,3.72776,114.6217,, 
379,TRUE,59,3.728328,127.2259,, 
380,TRUE,24,3.72864,99.9231,, 
381,TRUE,47,3.728928,107.5561,, 
382,TRUE,40,3.73076,133.8865,, 
383,TRUE,41,3.728696,100.7978,, 
384,TRUE,23,3.728736,123.6811,, 
385,TRUE,38,3.732672,105.058,, 
386,TRUE,44,3.72952,90.4996,, 
387,TRUE,60,3.73112,106.1378,, 
388,TRUE,49,3.72944,108.7401,, 
389,TRUE,25,3.729168,123.8196,, 
390,TRUE,48,3.79288,96.9761,, 
391,TRUE,41,3.792888,92.2493,, 
392,TRUE,45,3.793712,122.1989,, 
393,TRUE,29,3.793376,102.485,, 
394,TRUE,47,3.794032,95.416,, 
395,TRUE,25,3.793808,105.9651,, 
396,TRUE,44,3.79372,124.8584,, 
397,TRUE,25,3.79436,121.4367,, 
398,TRUE,37,3.793608,118.7544,, 
399,TRUE,24,3.794552,141.7644,, 
400,TRUE,26,3.794408,133.7824,, 
401,TRUE,40,3.73124,159.6222,, 
402,TRUE,49,3.794648,147.3391,, 
403,TRUE,47,3.731648,133.7895,, 
404,TRUE,26,3.79528,180.7491,, 
405,TRUE,24,3.794448,130.7409,, 
406,TRUE,26,3.795416,118.9738,, 
407,TRUE,47,3.795448,116.6285,, 
408,TRUE,25,3.7958,125.0019,, 
409,TRUE,26,3.79544,187.422,, 
410,TRUE,38,3.796576,150.9675,, 
411,TRUE,25,3.796488,173.8904,, 
412,TRUE,44,3.796368,175.6308,, 
413,TRUE,24,3.796992,169.3404,, 
414,TRUE,25,3.796976,156.2573,, 
415,TRUE,43,3.796464,220.3246,, 
416,TRUE,24,3.796944,115.3031,, 
417,TRUE,45,3.79728,121.1422,, 
418,TRUE,45,3.79772,141.2468,, 
419,TRUE,48,3.798232,178.0087,, 
420,TRUE,25,3.797744,132.078,, 
421,TRUE,23,3.797184,154.4691,, 
422,TRUE,49,3.797848,179.8725,, 
423,TRUE,24,3.79788,153.326,, 
424,TRUE,46,3.798096,182.7763,, 
425,TRUE,40,3.798744,157.4166,, 
426,TRUE,39,3.799368,179.7639,, 
427,TRUE,40,3.798488,148.0678,, 
428,TRUE,21,3.799056,150.7292,, 
429,TRUE,25,3.7994,135.1061,, 
430,TRUE,40,3.799344,165.5975,, 
431,TRUE,40,3.801136,129.1078,, 
432,TRUE,46,3.799424,124.4292,, 
433,TRUE,24,3.800056,162.0536,, 
434,TRUE,24,3.79964,143.3824,, 
435,TRUE,48,3.799432,164.1674,, 
436,TRUE,46,3.800168,134.5481,, 
437,TRUE,50,3.800896,131.5189,, 
438,TRUE,26,3.800232,154.459,, 
439,TRUE,28,3.80064,158.8624,, 
440,TRUE,25,3.8006,145.4237,, 
441,TRUE,23,3.80176,181.309,, 
442,TRUE,22,3.801928,98.3821,, 
443,TRUE,27,3.802608,135.1961,, 
444,TRUE,22,3.802296,138.1954,, 
445,TRUE,64,3.801272,138.7255,, 
446,TRUE,43,3.802664,181.2258,, 
447,TRUE,46,3.803056,150.2181,, 
448,TRUE,46,3.80692,154.7304,, 
449,TRUE,26,3.802496,132.0779,, 
450,TRUE,27,3.802184,170.5379,, 
451,TRUE,49,3.80216,156.087,, 
452,TRUE,42,3.807232,119.7633,, 
453,TRUE,23,3.805152,168.7317,, 
454,TRUE,25,3.84324,189.5252,, 
455,TRUE,59,3.80312,153.6495,, 
456,TRUE,42,3.803488,146.1622,, 
457,TRUE,40,3.803168,123.3606,, 
458,TRUE,25,3.84376,113.0593,, 
459,TRUE,28,3.804216,165.8107,, 
460,TRUE,27,3.808792,131.3563,, 
461,TRUE,49,3.844304,166.7778,, 
462,TRUE,46,3.8044,162.6464,, 
463,TRUE,52,3.804624,171.0324,, 
464,TRUE,58,3.844696,127.2322,, 
465,TRUE,46,3.845344,117.7866,, 
466,TRUE,49,3.808992,161.5411,, 
467,TRUE,41,3.845704,182.4309,, 
468,TRUE,43,3.809736,145.1114,, 
469,TRUE,48,3.845752,154.8875,, 
470,TRUE,37,3.805272,154.5559,, 
471,TRUE,45,3.846144,188.5642,, 
472,TRUE,44,3.846336,141.4967,, 
473,TRUE,44,3.846632,170.1841,, 
474,TRUE,41,3.84624,151.0963,, 
475,TRUE,56,3.806688,151.3315,, 
476,TRUE,25,3.84676,157.8536,, 
477,TRUE,41,3.846816,196.6978,, 
478,TRUE,47,3.847216,169.5841,, 
479,TRUE,62,3.847464,177.1498,, 
480,TRUE,46,3.847152,154.837,, 
481,TRUE,60,3.84788,160.0192,, 
482,TRUE,25,3.848176,170.0254,, 
483,TRUE,59,3.847888,144.8019,, 
484,TRUE,44,3.848464,179.9561,, 
485,TRUE,45,3.848504,202.9669,, 
486,TRUE,29,3.848208,199.2123,, 
487,TRUE,26,3.848152,138.8277,, 
488,TRUE,22,3.848568,164.3679,, 
489,TRUE,59,3.849424,190.7133,, 
490,TRUE,40,3.848672,179.5382,, 
491,TRUE,46,3.848992,180.4234,, 
492,TRUE,58,3.849984,166.658,, 
493,TRUE,45,3.849712,151.7118,, 
494,TRUE,42,3.849792,206.0442,, 
495,TRUE,44,3.849352,156.6522,, 
496,TRUE,44,3.915072,239.6418,, 
497,TRUE,23,3.850408,157.2238,, 
498,TRUE,23,3.85016,164.8523,, 
499,TRUE,22,3.85044,178.2336,, 
500,TRUE,45,3.850952,183.8842,, 
501,TRUE,23,3.852008,177.7206,, 
502,TRUE,23,3.851328,171.7947,, 
503,TRUE,25,3.851952,156.1723,, 
504,TRUE,45,3.852104,165.8208,, 
505,TRUE,46,3.849376,194.019,, 
506,TRUE,25,3.851008,207.5873,, 
507,TRUE,27,3.850376,164.6025,, 
508,TRUE,24,3.84904,199.1757,, 
509,TRUE,40,3.90236,210.9913,, 
510,TRUE,29,3.897112,144.9976,, 
511,TRUE,26,3.8924,183.7771,, 
512,TRUE,45,3.852584,203.44,, 
513,TRUE,25,3.89072,221.139,, 
514,TRUE,23,3.889592,163.582,, 
515,TRUE,27,3.8882,233.7747,, 
516,TRUE,42,3.8878,178.9871,, 
517,TRUE,41,3.888288,195.747,, 
518,TRUE,64,3.888656,189.6125,, 
519,TRUE,27,3.88776,188.1963,, 
520,TRUE,26,3.88784,235.3505,, 
521,TRUE,26,3.888184,225.6481,, 
522,TRUE,61,3.88896,182.1554,, 
523,TRUE,47,3.888496,169.1645,, 
524,TRUE,25,3.8882,218.291,, 
525,TRUE,21,3.888944,168.5502,, 
526,TRUE,45,3.889168,245.6585,, 
527,TRUE,28,3.888696,209.0833,, 
528,TRUE,59,3.88996,162.9706,, 
529,TRUE,44,3.922288,196.9733,, 
530,TRUE,42,3.8902,184.4522,, 
531,TRUE,22,3.922264,181.1824,, 
532,TRUE,29,3.89132,188.3195,, 
533,TRUE,36,3.891592,144.9827,, 
534,TRUE,43,3.890712,162.6262,, 
535,TRUE,27,3.891184,217.9728,, 
536,TRUE,45,3.923368,170.2391,, 
537,TRUE,26,3.92448,230.1784,, 
538,TRUE,47,3.892448,175.9146,, 
539,TRUE,46,3.924152,234.5154,, 
540,TRUE,26,3.924584,173.5779,, 
541,TRUE,45,3.8928,182.8447,, 
542,TRUE,39,3.924096,210.408,, 
543,TRUE,61,3.892936,201.4223,, 
544,TRUE,27,3.924608,235.207,, 
545,TRUE,57,3.924808,241.7537,, 
546,TRUE,46,3.893184,173.8359,, 
547,TRUE,45,3.894008,188.9845,, 
548,TRUE,48,3.925448,165.6254,, 
549,TRUE,45,3.926488,251.7369,, 
550,TRUE,46,3.926824,156.9107,, 
551,TRUE,63,3.927904,216.451,, 
552,TRUE,27,3.92768,214.4894,, 
553,TRUE,26,3.928304,227.1286,, 
554,TRUE,45,3.928552,180.0731,, 
555,TRUE,24,3.928208,213.6468,, 
556,TRUE,61,3.960424,264.9072,, 
557,TRUE,24,3.929488,167.5097,, 
558,TRUE,25,3.929672,218.5644,, 
559,TRUE,59,3.929432,188.8753,, 
560,TRUE,26,3.929984,209.4987,, 
561,TRUE,25,3.962208,232.4766,, 
562,TRUE,46,3.930584,214.9679,, 
563,TRUE,27,3.930944,237.1275,, 
564,TRUE,49,3.93024,217.8076,, 
565,TRUE,24,3.963568,202.5685,, 
566,TRUE,24,3.931984,179.058,, 
567,TRUE,26,3.964064,177.2585,, 
568,TRUE,60,3.93292,244.9121,, 
569,TRUE,24,3.964712,218.0204,, 
570,TRUE,27,3.931968,152.8883,, 
571,TRUE,43,3.93216,209.7349,, 
572,TRUE,43,3.96536,219.1234,, 
573,TRUE,23,3.96612,228.9553,, 
574,TRUE,25,3.966216,194.0708,, 
575,TRUE,50,3.9662,247.4162,, 
576,TRUE,58,3.966952,203.9839,, 
577,TRUE,24,3.935016,196.721,, 
578,TRUE,48,3.966048,226.1762,, 
579,TRUE,46,3.968056,158.6606,, 
580,TRUE,44,3.935032,184.8606,, 
581,TRUE,39,3.967112,195.1675,, 
582,TRUE,47,3.967752,224.9916,, 
583,TRUE,26,3.967904,205.8151,, 
584,TRUE,25,3.93636,218.9794,, 
585,TRUE,26,3.968464,278.2712,, 
586,TRUE,39,3.970088,275.5105,, 
587,TRUE,43,3.969024,216.4648,, 
588,TRUE,28,3.970544,288.5923,, 
589,TRUE,25,3.969184,251.2992,, 
590,TRUE,46,3.970304,267.4438,, 
591,TRUE,42,3.970224,226.2067,, 
592,TRUE,46,3.971008,256.9162,, 
593,TRUE,43,3.971648,193.3078,, 
594,TRUE,28,3.971368,206.9443,, 
595,TRUE,25,3.971872,203.2887,, 
596,TRUE,44,3.971808,184.0594,, 
597,TRUE,46,3.972072,231.3825,, 
598,TRUE,24,3.971792,209.6476,, 
599,TRUE,44,3.939512,168.278,, 
600,TRUE,37,3.972112,244.5191,, 
601,TRUE,44,3.972504,226.6186,, 
602,TRUE,42,3.972664,229.1551,, 
603,TRUE,60,4.006936,157.0068,, 
604,TRUE,43,3.974472,181.0214,, 
605,TRUE,44,3.97304,257.6166,, 
606,TRUE,42,3.973616,161.5393,, 
607,TRUE,25,4.00824,252.9393,, 
608,TRUE,45,3.975736,241.7181,, 
609,TRUE,45,3.973496,240.1583,, 
610,TRUE,25,4.008112,215.54,, 
611,TRUE,44,4.009432,251.3375,, 
612,TRUE,26,3.975464,248.1677,, 
613,TRUE,30,3.974992,271.5494,, 
614,TRUE,21,4.010328,203.0106,, 
615,TRUE,39,4.011096,333.0154,, 
616,TRUE,43,3.976424,258.4959,, 
617,TRUE,24,4.009984,220.2854,, 
618,TRUE,26,3.977224,194.0489,, 
619,TRUE,59,4.0448,205.5614,, 
620,TRUE,63,3.978592,245.7375,, 
621,TRUE,44,4.011328,248.933,, 
622,TRUE,48,3.978472,245.6741,, 
623,TRUE,47,4.01124,234.1835,, 
624,TRUE,27,3.978824,187.1779,, 
625,TRUE,46,3.977888,253.6007,, 
626,TRUE,47,4.011736,207.9266,, 
627,TRUE,26,4.013824,301.137,, 
628,TRUE,42,4.013912,246.6483,, 
629,TRUE,47,4.0144,237.7644,, 
630,TRUE,26,3.979968,247.5461,, 
631,TRUE,29,4.014136,225.7539,, 
632,TRUE,25,4.049304,283.3118,, 
633,TRUE,47,4.016464,252.4772,, 
634,TRUE,42,3.981536,354.3824,, 
635,TRUE,47,4.016304,259.9597,, 
636,TRUE,58,4.050504,278.5807,, 
637,TRUE,27,4.018104,215.2267,, 
638,TRUE,25,4.01968,279.0471,, 
639,TRUE,23,4.01708,229.0419,, 
640,TRUE,25,4.0182,308.5518,, 
641,TRUE,24,4.0176,266.3412,, 
642,TRUE,29,4.052336,251.6904,, 
643,TRUE,41,4.019448,297.4183,, 
644,TRUE,23,4.02064,286.1298,, 
645,TRUE,24,4.018416,252.0976,, 
646,TRUE,58,4.054024,244.4263,, 
647,TRUE,43,4.019528,295.8902,, 
648,TRUE,60,4.018336,265.6135,, 
649,TRUE,40,4.05344,298.5418,, 
650,TRUE,41,4.024688,239.6821,, 
651,TRUE,39,3.98492,221.9852,, 
652,TRUE,43,4.053216,261.1675,, 
653,TRUE,64,4.057024,292.9069,, 
654,TRUE,26,4.059496,341.6267,, 
655,TRUE,44,4.058456,276.2235,, 
656,TRUE,41,4.059984,290.6479,, 
657,TRUE,25,4.022624,299.2317,, 
658,TRUE,43,4.056696,251.3816,, 
659,TRUE,42,4.05904,328.8398,, 
660,TRUE,49,4.06076,232.3848,, 
661,TRUE,24,4.024104,254.6239,, 
662,TRUE,42,4.05996,188.8124,, 
663,TRUE,57,4.059928,182.5704,, 
664,TRUE,22,4.059352,230.9341,, 
665,TRUE,47,4.059976,234.4895,, 
666,TRUE,47,4.059552,161.8843,, 
667,TRUE,43,4.060712,237.2678,, 
668,TRUE,45,4.06072,170.5463,, 
669,TRUE,41,4.029784,187.0616,, 
670,TRUE,61,4.027616,203.4909,, 
671,TRUE,43,4.058888,232.1591,, 
672,TRUE,47,4.061304,198.8793,, 
673,TRUE,47,4.06168,180.8157,, 
674,TRUE,46,4.066296,187.4658,, 
675,TRUE,24,4.061688,179.7708,, 
676,TRUE,27,4.064928,183.9895,, 
677,TRUE,26,4.06404,222.4383,, 
678,TRUE,27,4.062864,197.5436,, 
679,TRUE,26,4.09936,247.0164,, 
680,TRUE,61,4.06828,218.2087,, 
681,TRUE,48,4.063512,193.5808,, 
682,TRUE,22,4.064256,193.093,, 
683,TRUE,27,4.064616,196.7696,, 
684,TRUE,62,4.100736,240.3881,, 
685,TRUE,28,4.10632,203.0709,, 
686,TRUE,27,4.034072,182.8878,, 
687,TRUE,25,4.069256,241.1568,, 
688,TRUE,42,4.101856,250.1318,, 
689,TRUE,27,4.10532,261.8638,, 
690,TRUE,25,4.07408,162.7424,, 
691,TRUE,60,4.069512,215.507,, 
692,TRUE,23,4.068568,174.5904,, 
693,TRUE,45,4.1048,196.5515,, 
694,TRUE,47,4.068912,205.9835,, 
695,TRUE,23,4.067304,175.877,, 
696,TRUE,21,4.067872,224.6698,, 
697,TRUE,25,4.069968,218.7532,, 
698,TRUE,41,4.06704,197.1206,, 
699,TRUE,42,4.103488,212.713,, 
700,TRUE,21,4.074656,214.6196,, 
701,TRUE,21,4.069656,241.4181,, 
702,TRUE,23,4.073016,211.7156,, 
703,TRUE,39,4.105264,236.1361,, 
704,TRUE,25,4.107552,185.5751,, 
705,TRUE,29,4.109368,226.7988,, 
706,TRUE,44,4.072888,215.7151,, 
707,TRUE,41,4.070896,304.6668,, 
708,TRUE,46,4.106136,281.2268,, 
709,TRUE,27,4.07284,211.6984,, 
710,TRUE,25,4.0708,277.009,, 
711,TRUE,20,4.074816,221.3927,, 
712,TRUE,28,4.106704,231.1075,, 
713,TRUE,42,4.110608,168.6043,, 
714,TRUE,39,4.147848,227.6997,, 
715,TRUE,26,4.113824,256.4902,, 
716,TRUE,41,4.11244,233.9766,, 
717,TRUE,46,4.075864,203.5711,, 
718,TRUE,45,4.074208,237.8411,, 
719,TRUE,44,4.110168,377.5575,, 
720,TRUE,35,4.112312,349.8363,, 
721,TRUE,27,4.116936,375.3917,, 
722,TRUE,24,4.113424,489.1517,, 
723,TRUE,22,4.113472,270.5132,, 
724,TRUE,28,4.11548,330.3835,, 
725,TRUE,26,4.115856,342.9264,, 
726,TRUE,28,4.153456,371.6371,, 
727,TRUE,46,4.11948,338.1221,, 
728,TRUE,28,4.118616,346.7057,, 
729,TRUE,46,4.120152,312.6018,, 
730,TRUE,39,4.154856,261.9268,, 
731,TRUE,28,4.118392,351.5508,, 
732,TRUE,47,4.15496,271.9939,, 
733,TRUE,48,4.158168,302.0073,, 
734,TRUE,47,4.120736,266.3868,, 
735,TRUE,43,4.118624,325.1942,, 
736,TRUE,61,4.117032,227.5278,, 
737,TRUE,44,4.118528,289.0172,, 
738,TRUE,40,4.120984,248.8948,, 
739,TRUE,40,4.117976,277.8705,, 
740,TRUE,24,4.119304,295.2887,, 
741,TRUE,40,4.154736,243.5761,, 
742,TRUE,46,4.161312,244.4835,, 
743,TRUE,42,4.126472,285.4684,, 
744,TRUE,27,4.12048,299.8048,, 
745,TRUE,23,4.157664,264.3082,, 
746,TRUE,26,4.163008,302.6446,, 
747,TRUE,45,4.123432,258.2484,, 
748,TRUE,40,4.161328,241.4082,, 
749,TRUE,40,4.123896,303.3632,, 
750,TRUE,43,4.121432,310.6537,, 
751,TRUE,44,4.121824,216.6515,, 
752,TRUE,26,4.160616,260.5288,, 
753,TRUE,44,4.125152,261.8656,, 
754,TRUE,47,4.122472,268.2533,, 
755,TRUE,44,4.159768,210.8946,, 
756,TRUE,44,4.163592,167.8113,, 
757,TRUE,25,4.165544,198.0085,, 
758,TRUE,45,4.164608,202.0033,, 
759,TRUE,25,4.126888,220.7298,, 
760,TRUE,43,4.162544,193.3419,, 
761,TRUE,44,4.12752,195.347,, 
762,TRUE,23,4.167824,184.8975,, 
763,TRUE,25,4.131856,170.9,, 
764,TRUE,41,4.166688,208.3527,, 
765,TRUE,26,4.17104,238.9403,, 
766,TRUE,27,4.16664,195.2719,, 
767,TRUE,26,4.168312,203.1522,, 
768,TRUE,42,4.173888,212.9948,, 
769,TRUE,41,4.169416,222.275,, 
770,TRUE,48,4.168888,164.75,, 
771,TRUE,47,4.17448,191.01,, 
772,TRUE,40,4.17548,244.4962,, 
773,TRUE,41,4.211672,188.1008,, 
774,TRUE,25,4.215832,197.1427,, 
775,TRUE,43,4.179656,174.9815,, 
776,TRUE,28,4.213384,221.0653,, 
777,TRUE,25,4.176088,204.3711,, 
778,TRUE,30,4.175944,217.4539,, 
779,TRUE,27,4.178816,201.9097,, 
780,TRUE,25,4.178224,223.598,, 
781,TRUE,27,4.214808,203.0144,, 
782,TRUE,24,4.218728,220.4084,, 
783,TRUE,24,4.178184,238.4924,, 
784,TRUE,39,4.214168,221.9252,, 
785,TRUE,42,4.17856,219.042,, 
786,TRUE,23,4.180872,217.1425,, 
787,TRUE,42,4.217264,210.1292,, 
788,TRUE,43,4.180392,195.7342,, 
789,TRUE,38,4.21588,229.8853,, 
790,TRUE,49,4.225144,164.5136,, 
791,TRUE,60,4.183552,184.0049,, 
792,TRUE,46,4.215376,207.1427,, 
793,TRUE,26,4.180088,224.5565,, 
794,TRUE,42,4.183552,209.7022,, 
795,TRUE,42,4.218944,214.3897,, 
796,TRUE,41,4.182224,190.0782,, 
797,TRUE,64,4.226344,218.4757,, 
798,TRUE,61,4.229416,207.7208,, 
799,TRUE,54,4.222768,221.0874,, 
800,TRUE,30,4.230256,274.4668,, 
801,TRUE,25,4.221848,215.0992,, 
802,TRUE,46,4.18696,222.6004,, 
803,TRUE,40,4.228584,284.5716,, 
804,TRUE,25,4.18316,258.6762,, 
805,TRUE,63,4.25924,307.4426,, 
806,TRUE,60,4.22516,305.8626,, 
807,TRUE,43,4.235736,262.3769,, 
808,TRUE,42,4.228912,253.6678,, 
809,TRUE,29,4.266408,262.8503,, 
810,TRUE,37,4.236248,230.0406,, 
811,TRUE,62,4.227672,283.238,, 
812,TRUE,46,4.226184,264.3638,, 
813,TRUE,42,4.226184,288.0091,, 
814,TRUE,43,4.190584,291.241,, 
815,TRUE,61,4.224488,292.2643,, 
816,TRUE,23,4.23512,282.03,, 
817,TRUE,49,4.229216,238.4315,, 
818,TRUE,26,4.229264,289.9128,, 
819,TRUE,45,4.27028,288.8444,, 
820,TRUE,24,4.235248,318.0086,, 
821,TRUE,26,4.270208,307.5464,, 
822,TRUE,43,4.242832,280.1778,, 
823,TRUE,45,4.231984,277.1541,, 
824,TRUE,20,4.230312,267.4817,, 
825,TRUE,22,4.274336,278.8325,, 
826,TRUE,40,4.287248,254.1453,, 
827,TRUE,26,4.281904,211.974,, 
828,TRUE,27,4.28036,242.985,, 
829,TRUE,62,4.247832,202.9772,, 
830,TRUE,29,4.279352,234.6538,, 
831,TRUE,47,4.241024,239.1738,, 
832,TRUE,41,4.286232,252.4809,, 
833,TRUE,46,4.289416,235.4422,, 
834,TRUE,47,4.241072,229.2779,, 
835,TRUE,26,4.279744,184.8585,, 
836,TRUE,42,4.24512,231.1438,, 
837,TRUE,43,4.278776,229.9028,, 
838,TRUE,43,4.286528,251.6528,, 
839,TRUE,43,4.241952,244.5655,, 
840,TRUE,23,4.288632,227.2108,, 
841,TRUE,25,4.284656,213.9232,, 
842,TRUE,29,4.242752,234.1762,, 
843,TRUE,22,4.288208,231.1503,, 
844,TRUE,25,4.242816,208.6636,, 
845,TRUE,43,4.280216,181.4007,, 
846,TRUE,27,4.283672,207.9547,, 
847,TRUE,21,4.286512,214.4619,, 
848,TRUE,43,4.332024,256.4153,, 
849,TRUE,44,4.293576,216.8217,, 
850,TRUE,23,4.299704,245.3674,, 
851,TRUE,42,4.295704,286.6122,, 
852,TRUE,28,4.33312,252.1358,, 
853,TRUE,23,4.251736,209.5409,, 
854,TRUE,39,4.296288,225.4347,, 
855,TRUE,45,4.2912,243.8737,, 
856,TRUE,24,4.29776,237.9189,, 
857,TRUE,28,4.30296,204.4408,, 
858,TRUE,45,4.24984,247.3434,, 
859,TRUE,25,4.286232,232.6399,, 
860,TRUE,21,4.289568,222.883,, 
861,TRUE,41,4.290608,264.1786,, 
862,TRUE,25,4.290088,237.3649,, 
863,TRUE,56,4.290784,218.9761,, 
864,TRUE,27,4.333552,284.3271,, 
865,TRUE,46,4.297,283.8083,, 
866,TRUE,43,4.294136,242.3017,, 
867,TRUE,25,4.295088,227.1231,, 
868,TRUE,25,4.305104,183.9085,, 
869,TRUE,57,4.296672,251.1936,, 
870,TRUE,61,4.294752,240.5648,, 
871,TRUE,42,4.338336,258.7796,, 
872,TRUE,37,4.309256,285.3235,, 
873,TRUE,28,4.299,225.243,, 
874,TRUE,24,4.299864,188.3765,, 
875,TRUE,43,4.297816,196.5607,, 
876,TRUE,26,4.30104,301.523,, 
877,TRUE,26,4.336128,215.1248,, 
878,TRUE,27,4.300336,200.6296,, 
879,TRUE,40,4.296832,217.6767,, 
880,TRUE,47,4.3398,258.9381,, 
881,TRUE,25,4.304344,224.4868,, 
882,TRUE,23,4.343616,240.6742,, 
883,TRUE,23,4.30296,239.9713,, 
884,TRUE,23,4.343352,236.3211,, 
885,TRUE,26,4.31384,244.1285,, 
886,TRUE,49,4.34324,192.8963,, 
887,TRUE,28,4.353936,251.6909,, 
888,TRUE,46,4.346824,261.464,, 
889,TRUE,25,4.309752,244.3324,, 
890,TRUE,39,4.305552,270.2439,, 
891,TRUE,42,4.301248,240.2174,, 
892,TRUE,42,4.346144,235.0353,, 
893,TRUE,45,4.347816,202.633,, 
894,TRUE,47,4.349256,231.4148,, 
895,TRUE,42,4.349432,273.8924,, 
896,TRUE,58,4.35836,238.3004,, 
897,TRUE,24,4.312632,211.9166,, 
898,TRUE,27,4.348104,213.2297,, 
899,TRUE,28,4.351048,259.7553,, 
900,TRUE,28,4.351104,227.9376,, 
901,TRUE,45,4.350448,236.8717,, 
902,TRUE,26,4.350616,266.8324,, 
903,TRUE,27,4.307536,258.1345,, 
904,TRUE,48,4.346488,209.1161,, 
905,TRUE,46,4.394088,209.5619,, 
906,TRUE,44,4.364968,191.5331,, 
907,TRUE,48,4.364584,280.1252,, 
908,TRUE,43,4.312784,251.3392,, 
909,TRUE,42,4.350992,279.2001,, 
910,TRUE,47,4.358216,224.4655,, 
911,TRUE,44,4.399568,277.0665,, 
912,TRUE,46,4.370128,242.1623,, 
913,TRUE,46,4.366536,279.5844,, 
914,TRUE,24,4.360176,259.822,, 
915,TRUE,57,4.36516,281.8268,, 
916,TRUE,40,4.359096,225.0718,, 
917,TRUE,47,4.36028,246.9438,, 
918,TRUE,25,4.369496,208.3241,, 
919,TRUE,44,4.369,257.3731,, 
920,TRUE,43,4.361232,307.6277,, 
921,TRUE,29,4.362176,272.9698,, 
922,TRUE,27,4.363464,241.2004,, 
923,TRUE,46,4.321336,225.2407,, 
924,TRUE,39,4.369504,320.2494,, 
925,TRUE,23,4.371288,199.722,, 
926,TRUE,27,4.363176,254.3164,, 
927,TRUE,43,4.365088,292.6257,, 
928,TRUE,23,4.362968,257.4643,, 
929,TRUE,42,4.366248,238.0273,, 
930,TRUE,43,4.363688,236.3569,, 
931,TRUE,61,4.371496,279.5004,, 
932,TRUE,22,4.370664,230.3181,, 
933,TRUE,46,4.371072,251.3768,, 
934,TRUE,46,4.412704,259.6443,, 
935,TRUE,58,4.366368,217.5341,, 
936,TRUE,62,4.364568,252.1072,, 
937,TRUE,45,4.36584,228.7209,, 
938,TRUE,42,4.406216,240.0754,, 
939,TRUE,25,4.370528,256.5352,, 
940,TRUE,40,4.36564,242.2327,, 
941,TRUE,27,4.453336,238.3315,, 
942,TRUE,43,4.388456,207.9732,, 
943,TRUE,24,4.417064,271.7478,, 
944,TRUE,24,4.374208,285.3642,, 
945,TRUE,27,4.374672,253.4987,, 
946,TRUE,29,4.372264,276.8314,, 
947,TRUE,23,4.426112,283.4592,, 
948,TRUE,25,4.377576,293.8963,, 
949,TRUE,24,4.461288,253.279,, 
950,TRUE,60,4.382152,233.1434,, 
951,TRUE,43,4.421856,316.3563,, 
952,TRUE,46,4.378968,281.0707,, 
953,TRUE,40,4.423208,290.2907,, 
954,TRUE,26,4.42616,290.9445,, 
955,TRUE,27,4.38036,274.195,, 
956,TRUE,42,4.419704,236.7905,, 
957,TRUE,45,4.42856,255.7248,, 
958,TRUE,44,4.379656,229.837,, 
959,TRUE,60,4.423112,237.4313,, 
960,TRUE,46,4.438248,290.6906,, 
961,TRUE,41,4.385128,260.5932,, 
962,TRUE,43,4.380224,242.732,, 
963,TRUE,25,4.377808,244.2091,, 
964,TRUE,60,4.379848,276.1797,, 
965,TRUE,26,4.379104,238.7612,, 
966,TRUE,42,4.374064,251.0146,, 
967,TRUE,28,4.417328,273.7001,, 
968,TRUE,26,4.467448,266.7139,, 
969,TRUE,45,4.44168,232.6154,, 
970,TRUE,21,4.432744,302.1329,, 
971,TRUE,42,4.443224,263.0913,, 
972,TRUE,45,4.443736,241.5553,, 
973,TRUE,44,4.389472,278.5872,, 
974,TRUE,58,4.471848,295.3565,, 
975,TRUE,43,4.487656,308.8761,, 
976,TRUE,43,4.391936,249.8494,, 
977,TRUE,46,4.430792,288.4187,, 
978,TRUE,43,4.433848,239.6742,, 
979,TRUE,59,4.432664,275.8403,, 
980,TRUE,42,4.431528,282.3024,, 
981,TRUE,42,4.438936,302.9047,, 
982,TRUE,45,4.433704,244.4588,, 
983,TRUE,64,4.432504,297.0429,, 
984,TRUE,38,4.439344,320.3464,, 
985,TRUE,29,4.435528,400.6511,, 
986,TRUE,27,4.434184,365.7782,, 
987,TRUE,41,4.481824,219.4036,, 
988,TRUE,25,4.441936,311.2654,, 
989,TRUE,24,4.442992,240.1638,, 
990,TRUE,44,4.442856,300.0922,, 
991,TRUE,24,4.442392,276.2824,, 
992,TRUE,21,4.441824,287.4451,, 
993,TRUE,41,4.495904,281.5862,, 
994,TRUE,46,4.447944,233.5095,, 
995,TRUE,26,4.44372,206.4999,, 
996,TRUE,42,4.44328,266.5462,, 
997,TRUE,29,4.486488,359.834,, 
998,TRUE,26,4.454408,262.2259,, 
999,TRUE,45,4.443696,277.9208,, 
1000,TRUE,26,4.394288,276.312,, 
,,,,,,
,,,,,,
,The DEFAULT parameters of the random test data: Days:50  Hours:8  Rooms:50  Sessions:50  Individuals:50 (Ignore for the specified parameter).,,,,,
